{"evo/generation":290,"_step":29,"evo/val_r2_A_SN1":-1.6140227758337167e+26,"_timestamp":1.7672413761572733e+09,"evo/train_fitness":NaN,"evo/val_r2":-4.4066644231197604e+26,"evo/val_r2_Omega_m":-2.228186289704468e+28,"evo/complexity":167,"_runtime":12533,"evo/val_r2_A_SN2":-1.3927111735428552e+27,"evo/val_mse":1.559157777856787e+25,"_wandb":{"runtime":12533},"evo/val_r2_A_AGN1":-4.193603845652494e+26,"evo/val_r2_A_AGN2":-3.227525929945307e+23,"evo/val_r2_sigma_8":-1.589884790627503e+28}