{"_runtime":14977,"evo/val_mse":1.986684375e+06,"_timestamp":1.767247381794042e+09,"evo/val_r2_sigma_8":-6.2011136e+08,"evo/val_r2_A_AGN1":-3.954432e+07,"_wandb":{"runtime":14977},"evo/val_r2":-5.614987378534217e+07,"evo/val_r2_A_SN1":-7.9453088e+07,"evo/generation":290,"evo/complexity":211.5,"evo/val_r2_A_SN2":-7.928852e+07,"evo/train_fitness":NaN,"_step":29,"evo/val_r2_A_AGN2":-3.56092125e+06,"evo/val_r2_Omega_m":-2.811067904e+09}