{"evo/val_r2":-0.18207238009984184,"_step":51,"_wandb":{"runtime":8361},"pred_vs_true_val":{"height":800,"_type":"image-file","sha256":"17d7b01eb285280504fd1cf9225fcfd02cba0308935ebc507aba3b0946e6eebe","size":99428,"path":"media/images/pred_vs_true_val_51_17d7b01eb285280504fd.png","format":"png","width":1200},"test_r2_A_SN1":0.567176878452301,"evo/val_r2_A_AGN2":-1.664485216140747,"evo/val_r2_Omega_m":-0.7781771421432495,"test_r2_A_AGN1":-0.002344846725463867,"param/val_r2_A_AGN2":-0.012372374534606934,"test_r2_Omega_m":0.13683933019638062,"evo/train_fitness":0.1062532138824463,"param/epoch":190,"param/train_loss":0.019530673511326313,"pred_vs_true_test":{"sha256":"ec9895ef1fd684cba36a4537404867178a5e9dc254ad2130a44703eb816ec9df","size":98951,"path":"media/images/pred_vs_true_test_50_ec9895ef1fd684cba36a.png","format":"png","width":1200,"height":800,"_type":"image-file"},"param/val_r2_Omega_m":0.16335582733154297,"param/val_r2":0.39159711716437606,"_runtime":8361,"test_mse":0.3240836262702942,"param/val_r2_A_SN2":-0.059384942054748535,"evo/val_r2_A_SN2":-0.4491455554962158,"test_r2_A_AGN2":-0.0069283246994018555,"evo/val_r2_A_AGN1":-0.6490626335144043,"param/val_loss":0.0215263968706131,"test_r2_sigma_8":0.07039445638656616,"test_r2":0.4044034605998835,"test_r2_A_SN2":-0.0021170377731323242,"evo/generation":290,"evo/complexity":14,"evo/val_mse":0.0418238639831543,"param/val_r2_A_AGN1":-0.005692005157470703,"param/val_r2_A_SN1":0.5137794613838196,"param/val_r2_sigma_8":0.192754328250885,"evo/val_r2_sigma_8":-13.026226043701172,"_timestamp":1.7672312680820239e+09,"evo/val_r2_A_SN1":-0.07927930355072021,"pred_vs_true_train":{"path":"media/images/pred_vs_true_train_51_6aee88790416d64649df.png","format":"png","width":1200,"height":800,"_type":"image-file","sha256":"6aee88790416d64649df1fff48c036a846a2b8457f3283d8c6a575c0240247a7","size":165702}}