{"_wandb":{"runtime":1451},"evo/complexity":15,"mlp/val_r2_sigma_8":0.23156535625457764,"evo/train_fitness":0.11092805936932564,"evo/val_r2_A_AGN2":-0.5905832052230835,"evo/generation":290,"pred_vs_true_val":{"path":"media/images/pred_vs_true_val_51_1c953a50e2152d133e57.png","format":"png","width":1200,"height":800,"_type":"image-file","sha256":"1c953a50e2152d133e57cac707cee15a5ef0cc61baf68bdfbb4262278719070d","size":99712},"mlp/val_r2_Omega_m":0.49781548976898193,"_timestamp":1.76722259927925e+09,"_runtime":1451,"pred_vs_true_train":{"width":1200,"height":800,"_type":"image-file","sha256":"8ddcb0fe7d0a2f7bc2ab65f63ef65102caedd0fe7b38a8548306f50493f1ffa4","size":216868,"path":"media/images/pred_vs_true_train_51_8ddcb0fe7d0a2f7bc2ab.png","format":"png"},"mlp/val_r2":0.4769004138614543,"test_r2_sigma_8":0.07635277509689331,"pred_vs_true_test":{"size":92657,"path":"media/images/pred_vs_true_test_50_453a6e8912d6fe8f3896.png","format":"png","width":1200,"height":800,"_type":"image-file","sha256":"453a6e8912d6fe8f3896f4fa89897b6d29b14966fc8bb6527d10201805ad65f1"},"mlp/val_r2_A_SN1":0.7555180191993713,"test_r2_A_SN1":0.741593599319458,"evo/val_r2_A_SN2":-0.8135174512863159,"test_r2":0.46914008731785783,"evo/val_r2":-0.012672148951971662,"test_r2_A_SN2":0.18827003240585327,"mlp/epoch":190,"test_mse":0.2888582944869995,"mlp/train_loss":0.01698938451707363,"_step":51,"mlp/val_r2_A_AGN2":-0.03008866310119629,"mlp/val_r2_A_SN2":0.30910611152648926,"mlp/val_r2_A_AGN1":-0.015516281127929688,"evo/val_r2_sigma_8":-4.760468006134033,"evo/val_mse":0.03583017736673355,"evo/val_r2_A_SN1":0.04627072811126709,"test_r2_A_AGN1":-0.0007417201995849609,"evo/val_r2_A_AGN1":-0.48593592643737793,"test_r2_Omega_m":0.5206509828567505,"mlp/val_loss":0.01850821264088154,"evo/val_r2_Omega_m":-1.7634069919586182,"test_r2_A_AGN2":0.016229629516601562}