{"test_r2_A_AGN2":-0.004669189453125,"test_mse":0.324062317609787,"_wandb":{"runtime":4456},"evo/val_r2_A_AGN2":-0.015330195426940918,"evo/val_r2_A_SN2":-0.044162750244140625,"test_r2_A_SN2":0.10026925802230835,"pred_vs_true_train":{"_type":"image-file","sha256":"c556ea8adc095196b683042aee0ac95fefdbd3839dcfb4df67ccc13f443c4576","size":193750,"path":"media/images/pred_vs_true_train_51_c556ea8adc095196b683.png","format":"png","width":1200,"height":800},"param/val_loss":0.02106558308005333,"evo/train_fitness":0.10959049306809902,"_runtime":4456,"param/val_r2_A_SN1":0.5272687077522278,"test_r2_A_SN1":0.5463070869445801,"test_r2":0.40444262648432183,"param/val_r2_A_AGN1":-0.004084467887878418,"param/val_r2_A_SN2":0.09675753116607666,"param/val_r2_A_AGN2":-0.017815351486206055,"param/train_loss":0.018906115740537643,"_step":51,"evo/generation":290,"test_r2_A_AGN1":-0.0022727251052856445,"_timestamp":1.7672267535634062e+09,"param/epoch":190,"evo/val_mse":0.029558634385466576,"evo/val_r2_A_SN1":0.018707454204559326,"pred_vs_true_test":{"_type":"image-file","sha256":"0fbffb071d54230fb7ebc5ebeaa9c745abeac30cb3eed72a83a0b60909760df1","size":99301,"path":"media/images/pred_vs_true_test_50_0fbffb071d54230fb7eb.png","format":"png","width":1200,"height":800},"evo/val_r2_sigma_8":-5.543146133422852,"evo/complexity":16,"param/val_r2_sigma_8":0.25771987438201904,"test_r2_Omega_m":0.21340423822402954,"test_r2_sigma_8":0.192959725856781,"param/val_r2":0.40462119337064995,"pred_vs_true_val":{"width":1200,"height":800,"_type":"image-file","sha256":"3041695fdf16938bc3cc6c4b0121ba65e8dd36700cdf17cd5677ea4add184be5","size":98706,"path":"media/images/pred_vs_true_val_51_3041695fdf16938bc3cc.png","format":"png"},"evo/val_r2_Omega_m":-0.6452165842056274,"evo/val_r2":0.1645811616998002,"evo/val_r2_A_AGN1":-0.1708054542541504,"param/val_r2_Omega_m":0.22826606035232544}