{"evo/train_fitness":0.166133354306221,"evo/generation":45,"pred_vs_true_test":{"format":"png","width":1200,"height":800,"_type":"image-file","sha256":"ab8a18c58ba5d1fd3e114077b6857237d498d51a12d582d0c0cf351e633810ec","size":97127,"path":"media/images/pred_vs_true_test_20_ab8a18c58ba5d1fd3e11.png"},"pred_vs_true_train":{"width":1200,"height":800,"_type":"image-file","sha256":"6d1015082a3df88f292d5ac09279591ccb8c975bd5833044c99874ec0b050480","size":164273,"path":"media/images/pred_vs_true_train_21_6d1015082a3df88f292d.png","format":"png"},"evo/val_mse":0.044265441596508026,"test_mse":0.32411113381385803,"_step":21,"mlp/val_r2":0.39292823058210546,"evo/complexity":12,"mlp/train_loss":0.019865008145570753,"test_r2":0.4043528908063725,"mlp/epoch":45,"_wandb":{"runtime":122},"_timestamp":1.767220017413575e+09,"_runtime":122,"pred_vs_true_val":{"width":1200,"height":800,"_type":"image-file","sha256":"b75c5a078219e97847dc89450e666d0336bd64d5dd81ecb307ed2473429a0de5","size":99300,"path":"media/images/pred_vs_true_val_21_b75c5a078219e97847dc.png","format":"png"},"evo/val_r2":-0.25107887018301844,"mlp/val_loss":0.021479301154613495}